Row in evidence file	Pseudobond	Overlap category	Distance (A)
2	#1/A:446@CA #1/A:504@CA	Not overlap associated	45.31287417500682
3	#1/A:1259@CA #1/A:776@CA	Not overlap associated	28.66985122040224
4	#1/A:1122@CA #1/A:1128@CA	Not overlap associated	15.507820801131281
5	#1/A:1122@CA #1/A:776@CA	Not overlap associated	60.841283065037345
6	#1/A:1100@CA #1/A:1204@CA	Not overlap associated	9.800291526276144
7	#1/A:1259@CA #1/A:972@CA	Not overlap associated	13.3160078476997
8	#1/A:669@CA #1/A:714@CA	Not overlap associated	14.316180670835362
9	#1/A:446@CA #1/A:952@CA	Not overlap associated	68.30251065663693
10	#1/A:1063@CA #1/A:1259@CA	Not overlap associated	23.81354526314803
11	#1/A:532@CA #1/A:540@CA	Not overlap associated	9.47746722494992
12	#1/A:37@CA #1/A:753@CA	Not overlap associated	14.263626537455332
13	#1/A:340@CA #1/A:352@CA	Not overlap associated	10.565135399037727
14	#1/A:115@CA #1/A:669@CA	Not overlap associated	65.85715646761558
15	#1/A:1100@CA #1/A:776@CA	Not overlap associated	41.19980709906298
16	#1/A:1282@CA #1/A:669@CA	Not overlap associated	67.21222857486575
17	#1/A:1201@CA #1/A:714@CA	Not overlap associated	44.71490724579444
18	#1/A:115@CA #1/A:340@CA	Not overlap associated	38.3020294370938
19	#1/A:237@CA #1/A:793@CA	Not overlap associated	32.28456340110549
20	#1/A:1122@CA #1/A:1282@CA	Not overlap associated	34.37966913744226
21	#1/A:1248@CA #1/A:776@CA	Not overlap associated	21.338922442335274
22	#1/A:237@CA #1/A:776@CA	Not overlap associated	38.41829467844714
23	#1/A:1101@CA #1/A:746@CA	Not overlap associated	11.991425019571274
24	#1/A:1201@CA #1/A:746@CA	Not overlap associated	23.015029241780255
25	#1/A:37@CA #1/A:386@CA	Not overlap associated	78.29909472656756
26	#1/A:1122@CA #1/A:669@CA	Not overlap associated	59.00584725262404
27	#1/A:669@CA #1/A:677@CA	Not overlap associated	15.054468605699771
28	#1/A:1089@CA #1/A:1235@CA	Not overlap associated	12.430304622172377
