Row in evidence file	Pseudobond	Overlap category	Distance (A)
2	#1/A:446@CA #1/A:504@CA	Not overlap associated	43.905622806196476
3	#1/A:1259@CA #1/A:776@CA	Not overlap associated	28.735294447769274
4	#1/A:1122@CA #1/A:1128@CA	Not overlap associated	15.233197760155283
5	#1/A:1122@CA #1/A:776@CA	Not overlap associated	43.81207228607202
6	#1/A:1100@CA #1/A:1204@CA	Not overlap associated	9.616541478099078
7	#1/A:1259@CA #1/A:972@CA	Not overlap associated	12.49350595309419
8	#1/A:669@CA #1/A:714@CA	Not overlap associated	14.44252668337504
9	#1/A:446@CA #1/A:952@CA	Not overlap associated	66.95516527498084
10	#1/A:1063@CA #1/A:1259@CA	Not overlap associated	22.199425533107835
11	#1/A:532@CA #1/A:540@CA	Not overlap associated	9.6329319005171
12	#1/A:37@CA #1/A:753@CA	Not overlap associated	13.899204617531181
13	#1/A:340@CA #1/A:352@CA	Not overlap associated	10.552326473342264
14	#1/A:115@CA #1/A:669@CA	Not overlap associated	67.51031398238347
15	#1/A:1100@CA #1/A:776@CA	Not overlap associated	28.87170259960434
16	#1/A:1282@CA #1/A:669@CA	Not overlap associated	67.74576085630746
17	#1/A:1201@CA #1/A:714@CA	Not overlap associated	47.24852383937513
18	#1/A:115@CA #1/A:340@CA	Not overlap associated	38.708155032240946
19	#1/A:237@CA #1/A:793@CA	Not overlap associated	23.916776329597596
20	#1/A:1122@CA #1/A:1282@CA	Not overlap associated	36.42108079121211
21	#1/A:1248@CA #1/A:776@CA	Not overlap associated	18.547007791015776
22	#1/A:237@CA #1/A:776@CA	Not overlap associated	33.167195163293506
23	#1/A:1101@CA #1/A:746@CA	Not overlap associated	12.481123266757685
24	#1/A:1201@CA #1/A:746@CA	Not overlap associated	22.65826041425069
25	#1/A:37@CA #1/A:386@CA	Not overlap associated	81.60173310046791
26	#1/A:1122@CA #1/A:669@CA	Not overlap associated	61.62494329409156
27	#1/A:669@CA #1/A:677@CA	Not overlap associated	15.283195673680295
28	#1/A:1089@CA #1/A:1235@CA	Not overlap associated	11.52134740384127
